date,action,ticker,price,score,reason
2023-01-01,BUY,MYCR.ST,93.39917755126953,117.5,
2023-01-01,BUY,SWED-A.ST,143.40469360351562,107.2,
2023-01-01,BUY,BETS-B.ST,78.06475830078125,104.7,
2023-01-01,BUY,ATCO-B.ST,104.97843933105469,100.9,
2023-01-01,BUY,NDA-SE.ST,109.36125946044922,98.4,
2023-01-01,BUY,ATCO-A.ST,117.07801055908203,98.0,
2023-01-01,BUY,LAGR-B.ST,99.84652709960938,97.2,
2023-01-01,BUY,SHB-A.ST,76.44580841064453,96.4,
2023-01-01,BUY,ABB.ST,314.34552001953125,95.4,
2023-01-01,BUY,HPOL-B.ST,97.71051788330078,93.7,
2023-01-01,BUY,AZN.ST,1396.7420654296875,92.8,
2023-01-01,BUY,HANZA.ST,49.19322967529297,91.6,
2023-01-01,BUY,VOLV-A.ST,164.14088439941406,91.2,
2023-01-01,BUY,BOOZT.ST,120.30000305175781,90.8,
2023-01-01,BUY,ATRLJ-B.ST,31.87123680114746,90.3,
2023-01-01,BUY,EPI-B.ST,157.94598388671875,88.9,
2023-01-01,BUY,SEB-A.ST,97.31303405761719,88.4,
2023-01-01,BUY,VOLV-B.ST,155.73333740234375,88.1,
2023-01-01,BUY,IVSO.ST,162.1514434814453,86.1,
2023-01-01,BUY,ALFA.ST,285.383544921875,85.8,
2023-01-01,BUY,SAAB-B.ST,100.68406677246094,85.8,
2023-01-01,BUY,EVO.ST,1007.5428466796875,84.3,
2023-01-01,BUY,ESSITY-B.ST,250.77243041992188,84.1,
2023-01-01,BUY,AAK.ST,169.75743103027344,79.8,
2023-01-01,BUY,SSAB-B.ST,42.50137710571289,78.9,
2023-01-01,BUY,SAND.ST,174.38250732421875,78.6,
2023-01-01,BUY,SSAB-A.ST,44.770050048828125,78.0,
2023-01-01,BUY,INVE-B.ST,178.43316650390625,77.0,
2023-01-01,BUY,TREL-B.ST,225.99185180664062,76.8,
2023-01-01,BUY,INDU-C.ST,235.3651580810547,76.6,
2023-01-01,BUY,ANOD-B.ST,95.489501953125,76.4,
2023-01-01,BUY,INDU-A.ST,235.80934143066406,74.0,
2023-01-01,BUY,BOL.ST,355.65777587890625,72.9,
2023-01-01,BUY,SINCH.ST,38.22999954223633,70.6,
2023-01-01,BUY,NIBE-B.ST,94.86136627197266,67.1,
2023-01-01,BUY,SAGA-A.ST,229.57150268554688,66.7,
2023-01-01,BUY,SECU-B.ST,78.38971710205078,63.6,
2023-01-01,BUY,ELUX-B.ST,140.77999877929688,49.4,
2023-01-01,BUY,DUNI.ST,76.03263854980469,26.1,
2023-01-08,SELL,NIBE-B.ST,93.74765014648438,,Not in top stocks
2023-01-08,BUY,BEIJ-B.ST,140.04269409179688,69.1,
2023-01-08,BUY,SKF-B.ST,157.70179748535156,68.1,
2023-01-15,SELL,IVSO.ST,173.38185119628906,,Not in top stocks
2023-01-15,SELL,DUNI.ST,79.38443756103516,,Not in top stocks
2023-01-15,SELL,BEIJ-B.ST,148.79537963867188,,Not in top stocks
2023-01-15,BUY,NIBE-B.ST,103.01885986328125,88.9,
2023-01-15,BUY,NOTE.ST,199.97508239746094,83.1,
2023-01-15,BUY,WIHL.ST,77.33235931396484,76.1,
2023-01-22,SELL,ELUX-B.ST,150.39999389648438,,Not in top stocks
2023-01-22,BUY,IVSO.ST,173.57888793945312,88.6,
2023-01-29,SELL,ESSITY-B.ST,245.1752471923828,,Not in top stocks
2023-01-29,BUY,LIFCO-B.ST,190.18838500976562,79.8,
2023-02-05,SELL,AZN.ST,1333.5477294921875,,Not in top stocks
2023-02-05,SELL,SINCH.ST,47.150001525878906,,Not in top stocks
2023-02-05,SELL,WIHL.ST,83.0390396118164,,Not in top stocks
2023-02-05,SELL,LIFCO-B.ST,206.2778778076172,,Not in top stocks
2023-02-05,BUY,JM.ST,215.49832153320312,83.1,
2023-02-05,BUY,HM-B.ST,121.06698608398438,81.4,
2023-02-05,BUY,SWEC-B.ST,112.80995178222656,81.3,
2023-02-05,BUY,BEIA-B.ST,211.75094604492188,79.9,
2023-02-12,SELL,SHB-A.ST,74.33646392822266,,Not in top stocks
2023-02-12,SELL,AAK.ST,170.0915069580078,,Not in top stocks
2023-02-12,SELL,TREL-B.ST,239.8817138671875,,Not in top stocks
2023-02-12,SELL,SECU-B.ST,83.11328887939453,,Not in top stocks
2023-02-12,SELL,JM.ST,195.27871704101562,,Not in top stocks
2023-02-12,SELL,HM-B.ST,114.04069519042969,,Not in top stocks
2023-02-12,BUY,AZN.ST,1427.5927734375,93.0,
2023-02-12,BUY,BULTEN.ST,73.13207244873047,90.4,
2023-02-12,BUY,BEIJ-B.ST,155.7617645263672,87.8,
2023-02-12,BUY,LIFCO-B.ST,209.01649475097656,87.6,
2023-02-12,BUY,ASSA-B.ST,240.8291015625,85.6,
2023-02-12,BUY,SINCH.ST,44.20000076293945,85.3,
2023-02-19,SELL,ASSA-B.ST,241.86959838867188,,Not in top stocks
2023-02-19,SELL,SINCH.ST,38.875,,Not in top stocks
2023-02-19,BUY,HUSQ-B.ST,83.30316162109375,89.4,
2023-02-19,BUY,SHB-A.ST,78.44606018066406,87.9,
2023-02-26,SELL,ATCO-B.ST,102.33272552490234,,Not in top stocks
2023-02-26,SELL,EPI-B.ST,157.14517211914062,,Not in top stocks
2023-02-26,SELL,SWEC-B.ST,113.74458312988281,,Not in top stocks
2023-02-26,SELL,BEIJ-B.ST,148.25949096679688,,Not in top stocks
2023-02-26,BUY,ESSITY-B.ST,260.77398681640625,91.1,
2023-02-26,BUY,TREL-B.ST,254.33465576171875,89.0,
2023-02-26,BUY,ASSA-B.ST,240.1669464111328,85.1,
2023-02-26,BUY,SKA-B.ST,168.04913330078125,84.2,
2023-03-05,SELL,NIBE-B.ST,106.87779235839844,,Not in top stocks
2023-03-05,SELL,AZN.ST,1356.4761962890625,,Not in top stocks
2023-03-05,SELL,SHB-A.ST,79.537109375,,Not in top stocks
2023-03-05,SELL,ASSA-B.ST,246.0316162109375,,Not in top stocks
2023-03-05,SELL,SKA-B.ST,168.7158203125,,Not in top stocks
2023-03-05,BUY,SWEC-B.ST,117.76349639892578,101.8,
2023-03-05,BUY,HMS.ST,421.0298767089844,99.9,
2023-03-05,BUY,HM-B.ST,117.28086853027344,93.9,
2023-03-05,BUY,EPI-B.ST,165.2944793701172,91.6,
2023-03-05,BUY,ATCO-B.ST,106.01781463623047,88.1,
2023-03-12,SELL,ATRLJ-B.ST,31.330408096313477,,Not in top stocks
2023-03-12,SELL,SEB-A.ST,100.43647003173828,,Not in top stocks
2023-03-12,SELL,ESSITY-B.ST,253.80043029785156,,Not in top stocks
2023-03-12,SELL,TREL-B.ST,245.70042419433594,,Not in top stocks
2023-03-12,SELL,EPI-B.ST,154.4130401611328,,Not in top stocks
2023-03-12,BUY,ASSA-B.ST,241.49124145507812,89.7,
2023-03-12,BUY,BEIJ-B.ST,151.9659881591797,88.6,
2023-03-12,BUY,AZN.ST,1371.4208984375,84.8,
2023-03-12,BUY,JM.ST,186.2331085205078,84.6,
2023-03-12,BUY,NIBE-B.ST,107.70819091796875,83.5,
2023-03-19,SELL,SWED-A.ST,141.58485412597656,,Not in top stocks
2023-03-19,SELL,NDA-SE.ST,110.3796615600586,,Not in top stocks
2023-03-19,SELL,ATCO-A.ST,114.62422180175781,,Not in top stocks
2023-03-19,SELL,VOLV-A.ST,169.69235229492188,,Not in top stocks
2023-03-19,SELL,INVE-B.ST,181.06385803222656,,Not in top stocks
2023-03-19,SELL,INDU-C.ST,242.15631103515625,,Not in top stocks
2023-03-19,SELL,INDU-A.ST,241.85574340820312,,Not in top stocks
2023-03-19,SELL,BOL.ST,347.1129150390625,,Not in top stocks
2023-03-19,SELL,SAGA-A.ST,227.650390625,,Not in top stocks
2023-03-19,SELL,HM-B.ST,108.05337524414062,,Not in top stocks
2023-03-19,SELL,ATCO-B.ST,101.82246398925781,,Not in top stocks
2023-03-19,SELL,NIBE-B.ST,101.79767608642578,,Not in top stocks
2023-03-19,BUY,ESSITY-B.ST,259.58111572265625,89.9,
2023-03-19,BUY,ATRLJ-B.ST,31.405010223388672,84.8,
2023-03-26,SELL,ASSA-B.ST,222.1946563720703,,Not in top stocks
2023-03-26,SELL,JM.ST,146.59205627441406,,Not in top stocks
2023-03-26,SELL,ATRLJ-B.ST,29.449743270874023,,Not in top stocks
2023-03-26,BUY,INVE-B.ST,185.9845733642578,87.1,
2023-03-26,BUY,INDU-C.ST,246.99386596679688,86.1,
2023-03-26,BUY,INDU-A.ST,247.25096130371094,84.6,
2023-04-02,BUY,HM-B.ST,130.1536102294922,101.0,
2023-04-02,BUY,TREL-B.ST,276.7649230957031,98.5,
2023-04-02,BUY,NIBE-B.ST,115.08413696289062,94.1,
2023-04-02,BUY,EPI-B.ST,166.2366180419922,91.7,
2023-04-02,BUY,VOLV-A.ST,184.77243041992188,91.1,
2023-04-02,BUY,ATCO-B.ST,112.61322021484375,90.6,
2023-04-02,BUY,ATCO-A.ST,125.10513305664062,90.0,
2023-04-02,BUY,DUNI.ST,82.55980682373047,87.1,
2023-04-02,BUY,AAK.ST,179.0637969970703,86.1,
2023-04-02,BUY,SWED-A.ST,145.5542755126953,83.8,
2023-04-09,SELL,EPI-B.ST,162.044189453125,,Not in top stocks
2023-04-09,SELL,ATCO-A.ST,119.97879791259766,,Not in top stocks
2023-04-09,BUY,ATRLJ-B.ST,32.08561706542969,85.4,
2023-04-09,BUY,GETI-B.ST,243.42477416992188,83.3,
2023-04-16,SELL,ATCO-B.ST,109.56119537353516,,Not in top stocks
2023-04-16,SELL,GETI-B.ST,243.0485382080078,,Not in top stocks
2023-04-16,BUY,SAGA-A.ST,241.0980987548828,91.5,
2023-04-16,BUY,WIHL.ST,79.26453399658203,89.2,
2023-04-23,SELL,ATRLJ-B.ST,34.98698043823242,,Not in top stocks
2023-04-23,SELL,SAGA-A.ST,239.177001953125,,Not in top stocks
2023-04-23,SELL,WIHL.ST,78.09624481201172,,Not in top stocks
2023-04-23,BUY,EPI-B.ST,172.40750122070312,89.2,
2023-04-23,BUY,ATCO-B.ST,111.12029266357422,86.3,
2023-04-23,BUY,GETI-B.ST,249.53858947753906,86.0,
2023-04-30,SELL,BOOZT.ST,118.80000305175781,,Not in top stocks
2023-04-30,SELL,SKF-B.ST,172.39039611816406,,Not in top stocks
2023-04-30,SELL,TREL-B.ST,247.1179962158203,,Not in top stocks
2023-04-30,SELL,EPI-B.ST,165.90689086914062,,Not in top stocks
2023-04-30,BUY,ATCO-A.ST,141.9637451171875,98.5,
2023-04-30,BUY,ATRLJ-B.ST,36.12476348876953,88.8,
2023-04-30,BUY,TEL2-B.ST,90.9130630493164,87.7,
2023-04-30,BUY,LUND-B.ST,482.04901123046875,83.0,
2023-05-14,SELL,SWED-A.ST,141.96139526367188,,Not in top stocks
2023-05-14,BUY,ELUX-B.ST,165.60000610351562,80.4,
2023-05-21,SELL,BEIJ-B.ST,157.3773651123047,,Not in top stocks
2023-05-21,SELL,LUND-B.ST,476.3536071777344,,Not in top stocks
2023-05-21,BUY,EPI-B.ST,169.3927001953125,84.2,
2023-05-21,BUY,SKF-B.ST,175.4604949951172,78.7,
2023-05-28,SELL,NIBE-B.ST,105.29100036621094,,Not in top stocks
2023-05-28,SELL,EPI-B.ST,159.645263671875,,Not in top stocks
2023-05-28,SELL,SKF-B.ST,168.25042724609375,,Not in top stocks
2023-05-28,BUY,TREL-B.ST,262.6708984375,84.5,
2023-05-28,BUY,HEXA-B.ST,123.6818618774414,78.0,
2023-05-28,BUY,BEIJ-B.ST,155.02993774414062,73.1,
2023-06-04,SELL,TEL2-B.ST,81.82540893554688,,Not in top stocks
2023-06-04,BUY,EPI-B.ST,162.88003540039062,75.9,
2023-06-11,SELL,HUSQ-B.ST,77.1725082397461,,Not in top stocks
2023-06-11,SELL,ELUX-B.ST,143.9499969482422,,Not in top stocks
2023-06-11,SELL,BEIJ-B.ST,155.32334899902344,,Not in top stocks
2023-06-11,BUY,ALIF-B.ST,133.73687744140625,83.0,
2023-06-11,BUY,ASSA-B.ST,244.51206970214844,78.8,
2023-06-11,BUY,WIHL.ST,80.88496398925781,76.6,
2023-06-18,SELL,ESSITY-B.ST,270.78350830078125,,Not in top stocks
2023-06-18,SELL,ASSA-B.ST,240.2123260498047,,Not in top stocks
2023-06-18,SELL,WIHL.ST,73.82913208007812,,Not in top stocks
2023-06-18,BUY,DOM.ST,66.96263885498047,89.8,
2023-06-18,BUY,HUSQ-B.ST,81.65929412841797,83.6,
2023-06-18,BUY,SKF-B.ST,184.48471069335938,82.5,
2023-06-25,SELL,HPOL-B.ST,100.98638916015625,,Not in top stocks
2023-06-25,SELL,GETI-B.ST,174.68533325195312,,Not in top stocks
2023-06-25,SELL,EPI-B.ST,158.1230010986328,,Not in top stocks
2023-06-25,BUY,ESSITY-B.ST,268.71429443359375,78.7,
2023-06-25,BUY,SEB-A.ST,98.93711853027344,75.4,
2023-06-25,BUY,SWED-A.ST,152.5261688232422,73.2,
2023-07-02,SELL,ANOD-B.ST,81.65209197998047,,Not in top stocks
2023-07-02,SELL,TREL-B.ST,250.95822143554688,,Not in top stocks
2023-07-02,SELL,SKF-B.ST,174.53016662597656,,Not in top stocks
2023-07-02,BUY,ASSA-B.ST,247.47413635253906,82.1,
2023-07-02,BUY,HPOL-B.ST,103.61530303955078,75.2,
2023-07-02,BUY,NDA-SE.ST,115.67134857177734,74.3,
2023-07-09,SELL,SWEC-B.ST,105.9103775024414,,Not in top stocks
2023-07-09,SELL,AZN.ST,1404.2989501953125,,Not in top stocks
2023-07-09,SELL,ALIF-B.ST,118.27139282226562,,Not in top stocks
2023-07-09,SELL,NDA-SE.ST,114.09355926513672,,Not in top stocks
2023-07-09,BUY,NCC-B.ST,88.406005859375,83.2,
2023-07-09,BUY,WIHL.ST,75.93186950683594,79.7,
2023-07-09,BUY,EPI-B.ST,164.11685180664062,79.2,
2023-07-09,BUY,ELUX-B.ST,147.25,74.0,
2023-07-16,SELL,NOTE.ST,172.55758666992188,,Not in top stocks
2023-07-16,SELL,HEXA-B.ST,117.69725799560547,,Not in top stocks
2023-07-16,SELL,WIHL.ST,71.81985473632812,,Not in top stocks
2023-07-16,BUY,SKF-B.ST,171.3205108642578,63.2,
2023-07-16,BUY,NDA-SE.ST,114.98106384277344,61.1,
2023-07-16,BUY,BOOZT.ST,113.0999984741211,57.6,
2023-07-23,SELL,ESSITY-B.ST,245.48277282714844,,Not in top stocks
2023-07-23,SELL,HPOL-B.ST,97.72291564941406,,Not in top stocks
2023-07-23,SELL,ELUX-B.ST,123.19999694824219,,Not in top stocks
2023-07-23,SELL,NDA-SE.ST,118.1563491821289,,Not in top stocks
2023-07-23,SELL,BOOZT.ST,116.5,,Not in top stocks
2023-07-23,BUY,AZN.ST,1432.6939697265625,84.5,
2023-07-23,BUY,TREL-B.ST,257.6785888671875,75.9,
2023-07-23,BUY,DORO.ST,14.194186210632324,70.8,
2023-07-23,BUY,EQT.ST,236.65496826171875,68.5,
2023-07-23,BUY,FABG.ST,82.9649429321289,66.8,
2023-07-30,SELL,SSAB-B.ST,55.313804626464844,,Not in top stocks
2023-07-30,SELL,SSAB-A.ST,57.38723373413086,,Not in top stocks
2023-07-30,SELL,BEIA-B.ST,184.19956970214844,,Not in top stocks
2023-07-30,SELL,DUNI.ST,85.87611389160156,,Not in top stocks
2023-07-30,BUY,WIHL.ST,76.91313934326172,81.3,
2023-07-30,BUY,CATE.ST,384.2935485839844,79.2,
2023-07-30,BUY,CAST.ST,117.69126892089844,77.6,
2023-07-30,BUY,NDA-SE.ST,117.34774017333984,76.8,
2023-08-06,SELL,SAND.ST,195.57418823242188,,Not in top stocks
2023-08-06,SELL,BULTEN.ST,73.81485748291016,,Not in top stocks
2023-08-06,SELL,LIFCO-B.ST,206.1061553955078,,Not in top stocks
2023-08-06,SELL,ASSA-B.ST,236.58145141601562,,Not in top stocks
2023-08-06,SELL,EPI-B.ST,165.82937622070312,,Not in top stocks
2023-08-06,SELL,SKF-B.ST,176.90249633789062,,Not in top stocks
2023-08-06,SELL,EQT.ST,233.55386352539062,,Not in top stocks
2023-08-06,SELL,FABG.ST,86.0992660522461,,Not in top stocks
2023-08-06,SELL,CATE.ST,375.1482849121094,,Not in top stocks
2023-08-06,SELL,NDA-SE.ST,116.77578735351562,,Not in top stocks
2023-08-13,SELL,EVO.ST,1233.167236328125,,Not in top stocks
2023-08-13,SELL,IVSO.ST,205.06134033203125,,Not in top stocks
2023-08-13,BUY,NDA-SE.ST,120.12858581542969,82.8,
2023-08-13,BUY,EPI-B.ST,165.9245147705078,79.5,
2023-08-20,SELL,MYCR.ST,105.48075866699219,,Not in top stocks
2023-08-20,SELL,LAGR-B.ST,113.7651138305664,,Not in top stocks
2023-08-20,SELL,WIHL.ST,73.36186218261719,,Not in top stocks
2023-08-20,BUY,DUNI.ST,89.45429229736328,76.8,
2023-08-20,BUY,AXFO.ST,239.24063110351562,65.1,
2023-08-27,SELL,HMS.ST,408.348388671875,,Not in top stocks
2023-08-27,BUY,FABG.ST,82.0019760131836,49.1,
2023-08-27,BUY,WIHL.ST,75.04405212402344,43.1,
2023-09-03,SELL,HANZA.ST,69.5640869140625,,Not in top stocks
2023-09-03,SELL,AXFO.ST,246.3587188720703,,Not in top stocks
2023-09-03,BUY,IVSO.ST,209.0143280029297,72.5,
2023-09-03,BUY,ASSA-B.ST,237.1547393798828,71.3,
2023-09-10,SELL,DOM.ST,63.64934158325195,,Not in top stocks
2023-09-10,SELL,HUSQ-B.ST,78.38119506835938,,Not in top stocks
2023-09-10,SELL,IVSO.ST,205.55545043945312,,Not in top stocks
2023-09-10,SELL,ASSA-B.ST,233.04611206054688,,Not in top stocks
2023-09-10,BUY,EOLU-B.ST,82.79957580566406,75.3,
2023-09-10,BUY,SAND.ST,193.86776733398438,74.9,
2023-09-10,BUY,AXFO.ST,245.52674865722656,73.2,
2023-09-10,BUY,HMS.ST,417.0577087402344,70.6,
2023-09-17,SELL,WIHL.ST,74.1562271118164,,Not in top stocks
2023-09-17,SELL,EOLU-B.ST,81.88314819335938,,Not in top stocks
2023-09-17,SELL,SAND.ST,196.04818725585938,,Not in top stocks
2023-09-17,SELL,HMS.ST,378.26165771484375,,Not in top stocks
2023-09-17,BUY,SKA-B.ST,165.5777587890625,71.2,
2023-09-17,BUY,BTS-B.ST,288.12652587890625,64.0,
2023-09-17,BUY,SHB-A.ST,76.28372955322266,58.8,
2023-09-17,BUY,CCC.ST,14.899999618530273,58.3,
2023-10-01,SELL,ATRLJ-B.ST,34.27997970581055,,Not in top stocks
2023-10-01,SELL,AXFO.ST,235.04624938964844,,Not in top stocks
2023-10-01,SELL,BTS-B.ST,258.61114501953125,,Not in top stocks
2023-10-01,BUY,MYCR.ST,109.55262756347656,59.9,
2023-10-01,BUY,BILL.ST,96.4242172241211,54.5,
2023-10-01,BUY,DOM.ST,65.19303131103516,42.8,
2023-10-08,SELL,SAAB-B.ST,129.72891235351562,,Not in top stocks
2023-10-08,SELL,AAK.ST,184.55587768554688,,Not in top stocks
2023-10-08,SELL,DORO.ST,14.05813980102539,,Not in top stocks
2023-10-08,SELL,CAST.ST,106.39643096923828,,Not in top stocks
2023-10-08,SELL,FABG.ST,81.18522644042969,,Not in top stocks
2023-10-08,SELL,DOM.ST,60.599586486816406,,Not in top stocks
2023-10-08,BUY,AMBEA.ST,36.450897216796875,64.9,
2023-10-08,BUY,SECU-B.ST,83.19737243652344,58.6,
2023-10-08,BUY,AXFO.ST,237.86231994628906,38.1,
2023-10-15,SELL,BETS-B.ST,99.61922454833984,,Not in top stocks
2023-10-15,SELL,DUNI.ST,86.05502319335938,,Not in top stocks
2023-10-15,SELL,BILL.ST,93.65564727783203,,Not in top stocks
2023-10-15,SELL,AXFO.ST,229.78965759277344,,Not in top stocks
2023-10-15,BUY,SAAB-B.ST,143.76971435546875,80.6,
2023-10-15,BUY,CAST.ST,108.89009857177734,74.8,
2023-10-15,BUY,FABG.ST,81.79363250732422,70.8,
2023-10-15,BUY,AAK.ST,202.93408203125,63.9,
2023-10-15,BUY,LUND-B.ST,459.46368408203125,58.4,
2023-10-15,BUY,DORO.ST,14.194186210632324,52.4,
2023-10-15,BUY,EQT.ST,214.46250915527344,47.8,
2023-10-22,SELL,ABB.ST,362.0624694824219,,Not in top stocks
2023-10-22,SELL,ALFA.ST,337.5982360839844,,Not in top stocks
2023-10-22,SELL,INVE-B.ST,192.1236572265625,,Not in top stocks
2023-10-22,SELL,INDU-C.ST,264.7414245605469,,Not in top stocks
2023-10-22,SELL,INDU-A.ST,265.86614990234375,,Not in top stocks
2023-10-22,SELL,ATCO-B.ST,117.35887908935547,,Not in top stocks
2023-10-22,SELL,ATCO-A.ST,134.4969940185547,,Not in top stocks
2023-10-22,SELL,AZN.ST,1405.4595947265625,,Not in top stocks
2023-10-22,SELL,TREL-B.ST,254.03041076660156,,Not in top stocks
2023-10-22,SELL,EPI-B.ST,159.74038696289062,,Not in top stocks
2023-10-22,SELL,CCC.ST,12.699999809265137,,Not in top stocks
2023-10-22,SELL,SAAB-B.ST,137.6392059326172,,Not in top stocks
2023-10-22,SELL,CAST.ST,100.7734603881836,,Not in top stocks
2023-10-22,SELL,FABG.ST,74.6257553100586,,Not in top stocks
2023-10-22,SELL,LUND-B.ST,433.5397033691406,,Not in top stocks
2023-10-22,SELL,DORO.ST,13.740697860717773,,Not in top stocks
2023-10-22,SELL,EQT.ST,198.0846710205078,,Not in top stocks
2023-10-22,BUY,DUNI.ST,88.55974578857422,68.7,
2023-10-22,BUY,TELIA.ST,21.724510192871094,56.5,
2023-10-29,SELL,HM-B.ST,130.69485473632812,,Not in top stocks
2023-10-29,SELL,SWED-A.ST,152.31231689453125,,Not in top stocks
2023-10-29,SELL,NDA-SE.ST,115.57272338867188,,Not in top stocks
2023-10-29,SELL,SKA-B.ST,151.8184814453125,,Not in top stocks
2023-10-29,SELL,SECU-B.ST,81.06269073486328,,Not in top stocks
2023-10-29,SELL,TELIA.ST,20.700897216796875,,Not in top stocks
2023-10-29,BUY,DORO.ST,17.55000114440918,94.1,
2023-10-29,BUY,BETS-B.ST,108.00111389160156,63.9,
2023-10-29,BUY,ATCO-A.ST,139.4246826171875,61.2,
2023-10-29,BUY,BILL.ST,94.7782974243164,61.0,
2023-10-29,BUY,ATCO-B.ST,120.29285430908203,58.7,
2023-10-29,BUY,TREL-B.ST,261.0387878417969,57.8,
2023-11-05,SELL,BETS-B.ST,107.32670593261719,,Not in top stocks
2023-11-05,SELL,BILL.ST,97.61346435546875,,Not in top stocks
2023-11-05,BUY,EOLU-B.ST,78.81310272216797,89.6,
2023-11-05,BUY,FABG.ST,87.32640075683594,88.8,
2023-11-05,BUY,INDU-A.ST,282.0716857910156,83.8,
2023-11-05,BUY,INDU-C.ST,280.9481506347656,83.5,
2023-11-05,BUY,NDA-SE.ST,116.85467529296875,79.9,
2023-11-05,BUY,ATRLJ-B.ST,37.68680953979492,79.3,
2023-11-05,BUY,CAST.ST,114.41527557373047,75.5,
2023-11-12,SELL,NDA-SE.ST,115.6910629272461,,Not in top stocks
2023-11-12,SELL,CAST.ST,112.997314453125,,Not in top stocks
2023-11-12,BUY,HM-B.ST,142.5672149658203,82.3,
2023-11-12,BUY,ABB.ST,387.6749572753906,75.4,
2023-11-19,BUY,CAST.ST,123.5587158203125,86.3,
2023-11-19,BUY,SSAB-B.ST,64.10528564453125,80.5,
2023-11-19,BUY,EQT.ST,239.94992065429688,80.4,
2023-11-19,BUY,SSAB-A.ST,66.21195220947266,80.2,
2023-11-19,BUY,CIBUS.ST,121.49636840820312,78.7,
2023-11-19,BUY,BETS-B.ST,108.09744262695312,78.1,
2023-11-19,BUY,LIFCO-B.ST,222.8627471923828,78.0,
2023-11-19,BUY,BILL.ST,96.47178649902344,77.5,
2023-11-19,BUY,ASSA-B.ST,254.2212371826172,75.8,
2023-11-19,BUY,CCC.ST,14.600000381469727,71.3,
2023-11-26,SELL,BILL.ST,93.71273040771484,,Not in top stocks
2023-11-26,SELL,CCC.ST,13.899999618530273,,Not in top stocks
2023-11-26,BUY,DOM.ST,74.2669677734375,86.4,
2023-11-26,BUY,INVE-B.ST,208.56739807128906,77.4,
2023-12-03,SELL,SHB-A.ST,78.78691101074219,,Not in top stocks
2023-12-03,SELL,BETS-B.ST,104.72542572021484,,Not in top stocks
2023-12-03,SELL,LIFCO-B.ST,226.115478515625,,Not in top stocks
2023-12-03,SELL,INVE-B.ST,211.56143188476562,,Not in top stocks
2023-12-03,BUY,CCC.ST,15.25,87.0,
2023-12-03,BUY,HANZA.ST,84.79640197753906,85.2,
2023-12-03,BUY,SECU-B.ST,88.82464599609375,82.1,
2023-12-03,BUY,LUND-B.ST,502.5721740722656,82.0,
2023-12-10,SELL,DUNI.ST,91.64818572998047,,Not in top stocks
2023-12-10,SELL,CCC.ST,14.850000381469727,,Not in top stocks
2023-12-10,SELL,HANZA.ST,82.85597229003906,,Not in top stocks
2023-12-10,SELL,SECU-B.ST,88.59957885742188,,Not in top stocks
2023-12-10,BUY,SHB-A.ST,81.07621765136719,91.8,
2023-12-10,BUY,AXFO.ST,256.1666564941406,90.9,
2023-12-10,BUY,CATE.ST,407.5264587402344,89.8,
2023-12-10,BUY,INVE-B.ST,216.92172241210938,88.2,
2023-12-17,BUY,LIFCO-B.ST,249.6732940673828,104.4,
2023-12-17,BUY,WIHL.ST,86.77259063720703,100.1,
2023-12-17,BUY,DIOS.ST,78.99596405029297,88.9,
2023-12-17,BUY,SECU-B.ST,91.48787689208984,87.8,
2023-12-17,BUY,SAGA-A.ST,270.21893310546875,86.5,
2023-12-17,BUY,LAGR-B.ST,129.6438751220703,85.6,
2023-12-17,BUY,HMS.ST,497.322021484375,84.5,
2023-12-17,BUY,SWEC-B.ST,126.71080017089844,82.0,
2023-12-17,BUY,PEAB-B.ST,53.50749588012695,81.6,
2023-12-17,BUY,SKF-B.ST,192.4855499267578,81.1,
2023-12-24,SELL,AXFO.ST,249.689697265625,,Not in top stocks
2023-12-24,SELL,LAGR-B.ST,128.76194763183594,,Not in top stocks
2023-12-24,SELL,SKF-B.ST,190.0666961669922,,Not in top stocks
2023-12-24,BUY,ALFA.ST,385.9365539550781,85.9,
2023-12-24,BUY,SINCH.ST,35.970001220703125,85.1,
2023-12-24,BUY,BOOZT.ST,133.6999969482422,84.9,
2023-12-31,SELL,SSAB-A.ST,67.8035888671875,,Not in top stocks
2023-12-31,SELL,HMS.ST,492.2745666503906,,Not in top stocks
2023-12-31,SELL,SINCH.ST,37.5099983215332,,Not in top stocks
2023-12-31,BUY,ERIC-B.ST,58.43809127807617,91.1,
2023-12-31,BUY,AXFO.ST,256.260498046875,89.7,
2023-12-31,BUY,LAGR-B.ST,132.38768005371094,87.1,
2024-01-07,SELL,VOLV-B.ST,218.83303833007812,,Not in top stocks
2024-01-07,SELL,VOLV-A.ST,222.87149047851562,,Not in top stocks
2024-01-07,SELL,NCC-B.ST,110.29910278320312,,Not in top stocks
2024-01-07,SELL,AAK.ST,215.70208740234375,,Not in top stocks
2024-01-07,SELL,HM-B.ST,152.0679931640625,,Not in top stocks
2024-01-07,SELL,SSAB-B.ST,66.67020416259766,,Not in top stocks
2024-01-07,SELL,INVE-B.ST,220.78497314453125,,Not in top stocks
2024-01-07,SELL,SECU-B.ST,90.49385070800781,,Not in top stocks
2024-01-07,SELL,ALFA.ST,368.70037841796875,,Not in top stocks
2024-01-07,SELL,AXFO.ST,260.0152587890625,,Not in top stocks
2024-01-07,SELL,LAGR-B.ST,126.4101333618164,,Not in top stocks
2024-01-07,BUY,HMS.ST,485.9405212402344,90.1,
2024-01-14,SELL,SEB-A.ST,123.68217468261719,,Not in top stocks
2024-01-14,SELL,PEAB-B.ST,51.19340133666992,,Not in top stocks
2024-01-14,SELL,BOOZT.ST,128.89999389648438,,Not in top stocks
2024-01-14,BUY,ALIF-B.ST,111.62915802001953,102.6,
2024-01-14,BUY,SSAB-B.ST,66.98860931396484,94.5,
2024-01-14,BUY,SAAB-B.ST,167.25341796875,93.2,
2024-01-21,SELL,INDU-A.ST,299.61181640625,,Not in top stocks
2024-01-21,SELL,INDU-C.ST,299.2521667480469,,Not in top stocks
2024-01-21,SELL,ABB.ST,422.55572509765625,,Not in top stocks
2024-01-21,SELL,CIBUS.ST,116.31135559082031,,Not in top stocks
2024-01-21,SELL,SWEC-B.ST,115.35643768310547,,Not in top stocks
2024-01-21,SELL,SSAB-B.ST,62.90243148803711,,Not in top stocks
2024-01-21,BUY,LAGR-B.ST,128.1739959716797,97.0,
2024-01-21,BUY,TELIA.ST,23.547483444213867,93.7,
2024-01-21,BUY,AAK.ST,222.27955627441406,92.9,
2024-01-21,BUY,INVE-B.ST,222.6682891845703,91.3,
2024-01-21,BUY,CORE-PREF.ST,173.37745666503906,89.6,
2024-01-21,BUY,SEB-A.ST,118.72454071044922,89.1,
2024-01-28,SELL,DORO.ST,18.32093048095703,,Not in top stocks
2024-01-28,SELL,TREL-B.ST,307.0253601074219,,Not in top stocks
2024-01-28,SELL,ATRLJ-B.ST,40.41996765136719,,Not in top stocks
2024-01-28,SELL,DOM.ST,78.18269348144531,,Not in top stocks
2024-01-28,SELL,AAK.ST,222.0861053466797,,Not in top stocks
2024-01-28,BUY,INDU-C.ST,313.5522155761719,94.8,
2024-01-28,BUY,INDU-A.ST,314.00616455078125,94.8,
2024-01-28,BUY,ABB.ST,442.28826904296875,94.5,
2024-01-28,BUY,SINCH.ST,31.55500030517578,94.2,
2024-01-28,BUY,SWEC-B.ST,121.55839538574219,91.8,
2024-02-04,SELL,EOLU-B.ST,73.03958129882812,,Not in top stocks
2024-02-04,SELL,FABG.ST,89.95232391357422,,Not in top stocks
2024-02-04,SELL,CAST.ST,129.57286071777344,,Not in top stocks
2024-02-04,SELL,SAGA-A.ST,243.0026397705078,,Not in top stocks
2024-02-04,SELL,ERIC-B.ST,52.61372756958008,,Not in top stocks
2024-02-04,SELL,HMS.ST,463.3754577636719,,Not in top stocks
2024-02-04,SELL,CORE-PREF.ST,180.6192626953125,,Not in top stocks
2024-02-04,SELL,SINCH.ST,28.0,,Not in top stocks
2024-02-04,SELL,SWEC-B.ST,116.8830795288086,,Not in top stocks
2024-02-04,BUY,SSAB-B.ST,69.42970275878906,93.4,
2024-02-04,BUY,AAK.ST,224.02066040039062,91.6,
2024-02-04,BUY,PEAB-B.ST,50.43777847290039,91.3,
2024-02-04,BUY,AXFO.ST,271.185546875,90.9,
2024-02-04,BUY,SSAB-A.ST,70.1910400390625,90.7,
2024-02-04,BUY,SWED-A.ST,182.89453125,90.0,
2024-02-04,BUY,VOLV-B.ST,227.4043426513672,89.6,
2024-02-04,BUY,VOLV-A.ST,232.76904296875,89.6,
2024-02-04,BUY,TREL-B.ST,312.3056945800781,88.8,
2024-02-11,SELL,ASSA-B.ST,274.1923522949219,,Not in top stocks
2024-02-11,SELL,WIHL.ST,82.42695617675781,,Not in top stocks
2024-02-11,SELL,TELIA.ST,21.521465301513672,,Not in top stocks
2024-02-11,SELL,SWED-A.ST,178.87393188476562,,Not in top stocks
2024-02-11,BUY,SECU-B.ST,99.26190948486328,94.1,
2024-02-11,BUY,DORO.ST,18.094186782836914,91.8,
2024-02-11,BUY,BTS-B.ST,282.9029846191406,91.0,
2024-02-11,BUY,SKA-B.ST,176.53854370117188,90.0,
2024-02-18,SELL,DIOS.ST,72.25706481933594,,Not in top stocks
2024-02-18,SELL,ALIF-B.ST,101.51710510253906,,Not in top stocks
2024-02-18,SELL,AAK.ST,228.0832061767578,,Not in top stocks
2024-02-18,SELL,AXFO.ST,263.4883728027344,,Not in top stocks
2024-02-18,SELL,SKA-B.ST,174.20645141601562,,Not in top stocks
2024-02-18,BUY,ANOD-B.ST,110.6948013305664,99.5,
2024-02-18,BUY,SWED-A.ST,186.40185546875,90.7,
2024-02-18,BUY,SAGA-A.ST,246.89068603515625,89.5,
2024-02-18,BUY,NCC-B.ST,120.41582489013672,89.5,
2024-02-18,BUY,CORE-PREF.ST,178.06333923339844,88.6,
2024-02-25,BUY,SAND.ST,218.6107940673828,91.8,
2024-02-25,BUY,ASSA-B.ST,284.22613525390625,89.1,
2024-02-25,BUY,HPOL-B.ST,109.50768280029297,88.9,
2024-02-25,BUY,HEXA-B.ST,121.43762969970703,88.4,
2024-02-25,BUY,EVO.ST,1346.8450927734375,88.2,
2024-02-25,BUY,SKF-B.ST,206.1614227294922,87.2,
2024-02-25,BUY,AAK.ST,224.9879150390625,86.7,
2024-02-25,BUY,AXFO.ST,266.679931640625,86.6,
2024-02-25,BUY,DIOS.ST,72.64372253417969,84.9,
2024-02-25,BUY,SKA-B.ST,172.71392822265625,80.6,
2024-03-03,SELL,AAK.ST,218.79736328125,,Not in top stocks
2024-03-03,SELL,SKA-B.ST,179.52359008789062,,Not in top stocks
2024-03-03,BUY,BOOZT.ST,136.39999389648438,95.0,
2024-03-03,BUY,DOM.ST,78.38977813720703,84.4,
2024-03-10,SELL,SSAB-B.ST,65.18431854248047,,Not in top stocks
2024-03-10,SELL,SSAB-A.ST,65.43382263183594,,Not in top stocks
2024-03-10,SELL,EVO.ST,1306.898681640625,,Not in top stocks
2024-03-10,SELL,BOOZT.ST,121.0,,Not in top stocks
2024-03-10,SELL,DOM.ST,72.59149169921875,,Not in top stocks
2024-03-10,BUY,BRIN-B.ST,18.149999618530273,88.6,
2024-03-10,BUY,CAST.ST,131.67535400390625,87.2,
2024-03-10,BUY,CIBUS.ST,125.06855773925781,85.5,
2024-03-10,BUY,ALIF-B.ST,103.69813537597656,84.9,
2024-03-10,BUY,ALFA.ST,388.8253173828125,84.3,
2024-03-17,SELL,BRIN-B.ST,18.75,,Not in top stocks
2024-03-17,SELL,CAST.ST,128.39938354492188,,Not in top stocks
2024-03-17,SELL,CIBUS.ST,124.32646179199219,,Not in top stocks
2024-03-17,SELL,ALIF-B.ST,103.49986267089844,,Not in top stocks
2024-03-17,BUY,BOOZT.ST,126.80000305175781,90.8,
2024-03-17,BUY,AAK.ST,232.7261199951172,88.9,
2024-03-17,BUY,EVO.ST,1361.75048828125,88.3,
2024-03-17,BUY,SSAB-B.ST,68.6336898803711,88.0,
2024-03-24,SELL,SECU-B.ST,101.2780990600586,,Not in top stocks
2024-03-24,SELL,SWED-A.ST,191.62008666992188,,Not in top stocks
2024-03-24,SELL,NCC-B.ST,128.56292724609375,,Not in top stocks
2024-03-24,SELL,SKF-B.ST,215.65081787109375,,Not in top stocks
2024-03-24,SELL,EVO.ST,1237.9368896484375,,Not in top stocks
2024-03-24,BUY,JM.ST,194.0135955810547,95.8,
2024-03-24,BUY,WIHL.ST,90.23041534423828,94.8,
2024-03-24,BUY,BRIN-B.ST,18.399999618530273,92.7,
2024-03-24,BUY,CIBUS.ST,132.7698211669922,91.8,
2024-03-24,BUY,SSAB-A.ST,72.06563568115234,88.8,
2024-03-31,SELL,SEB-A.ST,134.9113006591797,,Not in top stocks
2024-03-31,SELL,HEXA-B.ST,126.37493133544922,,Not in top stocks
2024-03-31,SELL,SSAB-A.ST,69.85502624511719,,Not in top stocks
2024-03-31,BUY,IVSO.ST,240.63824462890625,91.3,
2024-03-31,BUY,BEIJ-B.ST,156.24606323242188,91.3,
2024-03-31,BUY,NCC-B.ST,131.87545776367188,90.6,
2024-04-07,SELL,LUND-B.ST,548.43017578125,,Not in top stocks
2024-04-07,SELL,SSAB-B.ST,63.326969146728516,,Not in top stocks
2024-04-07,BUY,SKF-B.ST,219.75926208496094,95.0,
2024-04-07,BUY,EPI-B.ST,185.78712463378906,89.5,
2024-04-14,SELL,WIHL.ST,84.10914611816406,,Not in top stocks
2024-04-14,SELL,NCC-B.ST,123.51509857177734,,Not in top stocks
2024-04-14,SELL,SKF-B.ST,210.33412170410156,,Not in top stocks
2024-04-14,BUY,TEL2-B.ST,83.90189361572266,91.7,
2024-04-14,BUY,SWED-A.ST,197.2044219970703,89.3,
2024-04-14,BUY,SEB-A.ST,136.3539581298828,88.7,
2024-04-21,SELL,DORO.ST,20.3162784576416,,Not in top stocks
2024-04-21,BUY,WIHL.ST,86.21186828613281,86.8,
2024-04-28,SELL,SHB-A.ST,85.46318054199219,,Not in top stocks
2024-04-28,SELL,SAND.ST,215.4823760986328,,Not in top stocks
2024-04-28,SELL,AXFO.ST,267.8434753417969,,Not in top stocks
2024-04-28,SELL,EPI-B.ST,174.63796997070312,,Not in top stocks
2024-04-28,SELL,WIHL.ST,87.20812225341797,,Not in top stocks
2024-04-28,BUY,BOL.ST,355.20001220703125,100.9,
2024-04-28,BUY,COOR.ST,47.069091796875,90.9,
2024-04-28,BUY,SKF-B.ST,216.58547973632812,85.1,
2024-04-28,BUY,SKA-B.ST,183.47474670410156,84.5,
2024-05-05,SELL,ASSA-B.ST,290.2068786621094,,Not in top stocks
2024-05-05,SELL,BOOZT.ST,128.5,,Not in top stocks
2024-05-05,BUY,WIHL.ST,91.17652893066406,89.5,
2024-05-05,BUY,BULTEN.ST,84.94827270507812,88.2,
2024-05-12,SELL,SKF-B.ST,228.60733032226562,,Not in top stocks
2024-05-12,SELL,SKA-B.ST,184.53030395507812,,Not in top stocks
2024-05-12,SELL,BULTEN.ST,83.8003158569336,,Not in top stocks
2024-05-12,BUY,AZN.ST,1676.04736328125,103.9,
2024-05-12,BUY,EPI-B.ST,189.53553771972656,94.5,
2024-05-12,BUY,SWEC-B.ST,122.87208557128906,90.3,
2024-05-12,BUY,SAND.ST,226.4778594970703,89.5,
2024-05-19,SELL,VOLV-B.ST,266.2003479003906,,Not in top stocks
2024-05-19,SELL,SWED-A.ST,199.8582000732422,,Not in top stocks
2024-05-19,SELL,SAND.ST,222.00852966308594,,Not in top stocks
2024-05-19,BUY,BULTEN.ST,84.18296813964844,96.9,
2024-05-19,BUY,HM-B.ST,169.8025665283203,92.9,
2024-05-19,BUY,ENEA.ST,69.69999694824219,92.9,
2024-05-26,SELL,VOLV-A.ST,276.5555114746094,,Not in top stocks
2024-05-26,SELL,SEB-A.ST,137.19161987304688,,Not in top stocks
2024-05-26,BUY,BEIA-B.ST,213.7265625,94.4,
2024-05-26,BUY,ERIC-B.ST,60.13422393798828,92.1,
2024-06-02,SELL,TREL-B.ST,399.61065673828125,,Not in top stocks
2024-06-02,BUY,BETS-B.ST,119.5291748046875,92.2,
2024-06-09,SELL,BTS-B.ST,300.18560791015625,,Not in top stocks
2024-06-09,SELL,SAGA-A.ST,266.2810974121094,,Not in top stocks
2024-06-09,SELL,HPOL-B.ST,119.58604431152344,,Not in top stocks
2024-06-09,SELL,BETS-B.ST,116.45159149169922,,Not in top stocks
2024-06-09,BUY,TREL-B.ST,408.2086181640625,95.0,
2024-06-09,BUY,SEB-A.ST,141.89187622070312,91.9,
2024-06-09,BUY,ESSITY-B.ST,275.5265197753906,89.8,
2024-06-09,BUY,ARISE.ST,49.243167877197266,89.4,
2024-06-16,SELL,EQT.ST,306.3251953125,,Not in top stocks
2024-06-16,SELL,JM.ST,189.81597900390625,,Not in top stocks
2024-06-16,BUY,ALIF-B.ST,124.00385284423828,97.9,
2024-06-16,BUY,CCC.ST,18.0,93.7,
2024-06-23,SELL,CCC.ST,17.399999618530273,,Not in top stocks
2024-06-23,BUY,BETS-B.ST,118.33784484863281,98.8,
2024-06-30,SELL,CORE-PREF.ST,208.84434509277344,,Not in top stocks
2024-06-30,SELL,COOR.ST,45.15932083129883,,Not in top stocks
2024-06-30,SELL,HM-B.ST,157.01820373535156,,Not in top stocks
2024-06-30,SELL,ESSITY-B.ST,263.6737976074219,,Not in top stocks
2024-06-30,BUY,CCC.ST,19.600000381469727,102.5,
2024-06-30,BUY,EQT.ST,307.0113830566406,90.1,
2024-06-30,BUY,SWED-A.ST,199.5836944580078,87.1,
2024-06-30,BUY,SAGA-A.ST,266.2810974121094,87.1,
2024-07-07,SELL,BULTEN.ST,80.54779052734375,,Not in top stocks
2024-07-07,SELL,SWED-A.ST,200.31576538085938,,Not in top stocks
2024-07-07,BUY,ATRLJ-B.ST,42.03668975830078,90.5,
2024-07-07,BUY,CORE-PREF.ST,212.39915466308594,88.3,
2024-07-14,SELL,INDU-C.ST,341.2205810546875,,Not in top stocks
2024-07-14,SELL,INDU-A.ST,344.58642578125,,Not in top stocks
2024-07-14,BUY,JM.ST,213.03086853027344,98.2,
2024-07-14,BUY,ESSITY-B.ST,273.58343505859375,89.0,
2024-07-21,SELL,ATCO-A.ST,178.06082153320312,,Not in top stocks
2024-07-21,SELL,ATCO-B.ST,155.02479553222656,,Not in top stocks
2024-07-21,SELL,ANOD-B.ST,106.83304595947266,,Not in top stocks
2024-07-21,SELL,BOL.ST,312.29998779296875,,Not in top stocks
2024-07-21,SELL,EPI-B.ST,179.92686462402344,,Not in top stocks
2024-07-21,SELL,SAGA-A.ST,267.263671875,,Not in top stocks
2024-07-21,BUY,NCC-B.ST,151.33132934570312,101.7,
2024-07-21,BUY,VITR.ST,219.58216857910156,98.7,
2024-07-21,BUY,DORO.ST,22.5,93.4,
2024-07-21,BUY,SKA-B.ST,201.51515197753906,91.0,
2024-07-21,BUY,TELIA.ST,27.616195678710938,90.5,
2024-07-21,BUY,INDU-A.ST,349.2614440917969,89.5,
2024-07-28,SELL,TREL-B.ST,384.1733703613281,,Not in top stocks
2024-07-28,SELL,SKA-B.ST,201.61111450195312,,Not in top stocks
2024-07-28,BUY,BILL.ST,103.82589721679688,93.4,
2024-07-28,BUY,SWED-A.ST,206.99600219726562,90.9,
2024-08-04,SELL,MYCR.ST,171.41415405273438,,Not in top stocks
2024-08-04,SELL,INDU-A.ST,336.015625,,Not in top stocks
2024-08-04,BUY,SECU-B.ST,109.06771087646484,84.4,
2024-08-04,BUY,SAGA-A.ST,265.2984924316406,84.1,
2024-08-11,SELL,SWED-A.ST,191.16473388671875,,Not in top stocks
2024-08-11,SELL,SECU-B.ST,106.9675064086914,,Not in top stocks
2024-08-11,SELL,SAGA-A.ST,263.33331298828125,,Not in top stocks
2024-08-11,BUY,SKA-B.ST,191.2474822998047,85.1,
2024-08-11,BUY,MYCR.ST,174.9444122314453,85.0,
2024-08-11,BUY,ASSA-B.ST,297.4109802246094,80.5,
2024-08-18,SELL,BEIA-B.ST,195.88333129882812,,Not in top stocks
2024-08-18,BUY,ATCO-B.ST,156.04342651367188,81.8,
2024-08-25,SELL,IVSO.ST,237.51632690429688,,Not in top stocks
2024-08-25,SELL,ATCO-B.ST,157.93515014648438,,Not in top stocks
2024-08-25,BUY,CAST.ST,137.64060974121094,87.7,
2024-08-25,BUY,SECU-B.ST,112.12255096435547,85.9,
2024-09-01,SELL,ARISE.ST,44.665767669677734,,Not in top stocks
2024-09-01,SELL,JM.ST,196.05862426757812,,Not in top stocks
2024-09-01,SELL,CAST.ST,137.34722900390625,,Not in top stocks
2024-09-01,BUY,BEIA-B.ST,203.43238830566406,86.5,
2024-09-01,BUY,IVSO.ST,240.0008087158203,84.3,
2024-09-01,BUY,INDU-C.ST,358.8514404296875,83.8,
2024-09-08,SELL,ALFA.ST,423.92730712890625,,Not in top stocks
2024-09-08,SELL,BEIA-B.ST,184.90289306640625,,Not in top stocks
2024-09-08,SELL,IVSO.ST,226.58460998535156,,Not in top stocks
2024-09-08,BUY,CAST.ST,139.6942138671875,94.1,
2024-09-08,BUY,SWED-A.ST,198.8516082763672,81.4,
2024-09-08,BUY,SAGA-A.ST,263.33331298828125,75.4,
2024-09-15,SELL,DIOS.ST,84.72684478759766,,Not in top stocks
2024-09-15,SELL,INDU-C.ST,345.4091491699219,,Not in top stocks
2024-09-15,SELL,SAGA-A.ST,271.19403076171875,,Not in top stocks
2024-09-15,BUY,SINCH.ST,30.110000610351562,93.5,
2024-09-15,BUY,ALFA.ST,453.28515625,86.1,
2024-09-15,BUY,GETI-B.ST,217.0198516845703,80.8,
2024-09-22,SELL,SWED-A.ST,201.32237243652344,,Not in top stocks
2024-09-22,BUY,INDU-C.ST,355.831787109375,80.3,
2024-09-29,SELL,SAAB-B.ST,215.57737731933594,,Not in top stocks
2024-09-29,SELL,SEB-A.ST,144.9167938232422,,Not in top stocks
2024-09-29,SELL,GETI-B.ST,212.24267578125,,Not in top stocks
2024-09-29,BUY,FABG.ST,96.40911865234375,89.0,
2024-09-29,BUY,ATCO-B.ST,168.751953125,88.7,
2024-09-29,BUY,INDU-A.ST,366.0135192871094,85.9,
2024-10-06,SELL,BEIJ-B.ST,160.35791015625,,Not in top stocks
2024-10-06,SELL,SINCH.ST,28.610000610351562,,Not in top stocks
2024-10-06,BUY,SAGA-A.ST,282.9850769042969,84.6,
2024-10-06,BUY,DIOS.ST,86.4184799194336,80.8,
2024-10-13,SELL,CCC.ST,17.899999618530273,,Not in top stocks
2024-10-13,SELL,DIOS.ST,83.32520294189453,,Not in top stocks
2024-10-13,BUY,ATCO-A.ST,189.0101776123047,86.0,
2024-10-13,BUY,HM-B.ST,160.85818481445312,73.4,
2024-10-20,SELL,FABG.ST,89.50862121582031,,Not in top stocks
2024-10-20,SELL,SAGA-A.ST,264.31591796875,,Not in top stocks
2024-10-20,SELL,ATCO-A.ST,180.0144805908203,,Not in top stocks
2024-10-20,BUY,IVSO.ST,255.4045867919922,87.8,
2024-10-20,BUY,BOL.ST,332.0,74.9,
2024-10-20,BUY,BEIJ-B.ST,165.58804321289062,74.5,
2024-10-27,SELL,EQT.ST,313.677001953125,,Not in top stocks
2024-10-27,SELL,ATRLJ-B.ST,41.26535415649414,,Not in top stocks
2024-10-27,SELL,BILL.ST,96.70723724365234,,Not in top stocks
2024-10-27,SELL,ATCO-B.ST,155.3224639892578,,Not in top stocks
2024-10-27,SELL,BEIJ-B.ST,157.0284881591797,,Not in top stocks
2024-10-27,BUY,SHB-A.ST,99.095458984375,87.5,
2024-10-27,BUY,SINCH.ST,28.729999542236328,78.9,
2024-10-27,BUY,SAAB-B.ST,229.73184204101562,75.4,
2024-10-27,BUY,SWED-A.ST,196.6553497314453,67.4,
2024-10-27,BUY,EPI-B.ST,184.39108276367188,67.2,
2024-11-03,SELL,CATE.ST,479.3639221191406,,Not in top stocks
2024-11-03,SELL,AZN.ST,1523.564208984375,,Not in top stocks
2024-11-03,SELL,CAST.ST,128.252685546875,,Not in top stocks
2024-11-03,SELL,HM-B.ST,149.38504028320312,,Not in top stocks
2024-11-03,SELL,SAAB-B.ST,221.1181640625,,Not in top stocks
2024-11-03,BUY,HANZA.ST,68.7716064453125,80.4,
2024-11-03,BUY,SEB-A.ST,142.40379333496094,69.4,
2024-11-03,BUY,BEIJ-B.ST,162.92324829101562,68.5,
2024-11-03,BUY,CCC.ST,18.25,64.2,
2024-11-03,BUY,VOLV-B.ST,257.4893493652344,58.1,
2024-11-10,SELL,AAK.ST,280.406494140625,,Not in top stocks
2024-11-10,SELL,SINCH.ST,21.18000030517578,,Not in top stocks
2024-11-10,SELL,CCC.ST,17.299999237060547,,Not in top stocks
2024-11-10,BUY,VOLV-A.ST,267.9424133300781,62.5,
2024-11-10,BUY,SKF-B.ST,203.1210174560547,54.4,
2024-11-10,BUY,NDA-SE.ST,123.4198989868164,48.0,
2024-11-17,SELL,INDU-A.ST,347.8979187011719,,Not in top stocks
2024-11-17,SELL,BOL.ST,314.79998779296875,,Not in top stocks
2024-11-17,SELL,EPI-B.ST,174.98036193847656,,Not in top stocks
2024-11-17,SELL,VOLV-A.ST,256.70794677734375,,Not in top stocks
2024-11-17,SELL,SKF-B.ST,197.92759704589844,,Not in top stocks
2024-11-17,BUY,SAAB-B.ST,233.96400451660156,67.2,
2024-11-17,BUY,BILL.ST,98.20845031738281,64.3,
2024-11-24,SELL,INDU-C.ST,347.8443603515625,,Not in top stocks
2024-11-24,SELL,SWED-A.ST,194.8251495361328,,Not in top stocks
2024-11-24,SELL,SEB-A.ST,140.40269470214844,,Not in top stocks
2024-11-24,SELL,VOLV-B.ST,254.3046875,,Not in top stocks
2024-11-24,SELL,NDA-SE.ST,121.48292541503906,,Not in top stocks
2024-11-24,SELL,BILL.ST,96.75566864013672,,Not in top stocks
2024-12-01,BUY,AAK.ST,289.22430419921875,71.1,
2024-12-01,BUY,EQT.ST,325.8266906738281,64.3,
2024-12-01,BUY,CCC.ST,18.600000381469727,62.6,
2024-12-01,BUY,SKF-B.ST,201.48605346679688,57.6,
2024-12-01,BUY,BOL.ST,325.3999938964844,51.6,
2024-12-01,BUY,SEB-A.ST,141.00767517089844,45.4,
2024-12-08,SELL,EQT.ST,322.277587890625,,Not in top stocks
2024-12-08,SELL,CCC.ST,17.75,,Not in top stocks
2024-12-08,SELL,BOL.ST,327.29998779296875,,Not in top stocks
2024-12-08,BUY,INDU-C.ST,362.2607421875,83.9,
2024-12-08,BUY,INDU-A.ST,361.5333251953125,82.0,
2024-12-08,BUY,EPI-B.ST,182.52854919433594,73.6,
2024-12-08,BUY,VOLV-B.ST,268.6356506347656,68.4,
2024-12-08,BUY,VOLV-A.ST,270.0020446777344,65.4,
2024-12-08,BUY,NDA-SE.ST,124.16488647460938,59.4,
2024-12-15,SELL,BRIN-B.ST,20.299999237060547,,Not in top stocks
2024-12-15,SELL,SAAB-B.ST,230.77745056152344,,Not in top stocks
2024-12-15,SELL,EPI-B.ST,175.4705047607422,,Not in top stocks
2024-12-15,SELL,NDA-SE.ST,122.27758026123047,,Not in top stocks
2024-12-15,BUY,HMS.ST,429.6000061035156,60.0,
2024-12-15,BUY,SWED-A.ST,200.49879455566406,58.7,
2024-12-15,BUY,BOOZT.ST,124.80000305175781,55.9,
2024-12-15,BUY,TREL-B.ST,383.78253173828125,54.4,
2024-12-22,SELL,VITR.ST,206.4787139892578,,Not in top stocks
2024-12-22,SELL,SKF-B.ST,200.23577880859375,,Not in top stocks
2024-12-22,SELL,SEB-A.ST,138.40159606933594,,Not in top stocks
2024-12-22,SELL,INDU-C.ST,337.811279296875,,Not in top stocks
2024-12-22,SELL,INDU-A.ST,337.9635314941406,,Not in top stocks
2024-12-22,SELL,VOLV-B.ST,250.74537658691406,,Not in top stocks
2024-12-22,SELL,VOLV-A.ST,251.65240478515625,,Not in top stocks
2024-12-22,SELL,SWED-A.ST,195.0996856689453,,Not in top stocks
2024-12-22,SELL,TREL-B.ST,370.4947814941406,,Not in top stocks
2024-12-22,BUY,NOTE.ST,142.36001586914062,74.9,
2024-12-29,BUY,VITR.ST,218.58949279785156,59.6,
2024-12-29,BUY,SWED-A.ST,199.1261444091797,52.5,
2025-01-05,SELL,WIHL.ST,101.24272918701172,,Not in top stocks
2025-01-05,BUY,BILL.ST,100.62976837158203,55.7,
2025-01-05,BUY,SEB-A.ST,143.61376953125,50.8,
2025-01-12,SELL,BEIJ-B.ST,149.548583984375,,Not in top stocks
2025-01-12,SELL,HMS.ST,409.3999938964844,,Not in top stocks
2025-01-12,SELL,BOOZT.ST,114.4000015258789,,Not in top stocks
2025-01-12,SELL,VITR.ST,206.4787139892578,,Not in top stocks
2025-01-12,BUY,INDU-C.ST,353.9810485839844,76.0,
2025-01-12,BUY,INDU-A.ST,353.7416687011719,74.4,
2025-01-12,BUY,VOLV-B.ST,261.51702880859375,60.6,
2025-01-12,BUY,NDA-SE.ST,124.16488647460938,54.6,
2025-01-12,BUY,VOLV-A.ST,261.38897705078125,47.0,
2025-01-12,BUY,SKF-B.ST,203.8904266357422,39.6,
2025-01-12,BUY,TREL-B.ST,380.0697937011719,37.1,
2025-01-19,SELL,ALIF-B.ST,138.2468719482422,,Not in top stocks
2025-01-19,SELL,CORE-PREF.ST,228.09664916992188,,Not in top stocks
2025-01-19,SELL,ESSITY-B.ST,291.7510681152344,,Not in top stocks
2025-01-19,SELL,VOLV-A.ST,270.0020446777344,,Not in top stocks
2025-01-19,BUY,BOUL.ST,9.899999618530273,70.0,
2025-01-19,BUY,WIHL.ST,102.50100708007812,68.1,
2025-01-19,BUY,BEIJ-B.ST,164.95420837402344,63.4,
2025-01-19,BUY,ELUX-B.ST,102.3499984741211,61.4,
2025-01-19,BUY,ATCO-B.ST,163.54110717773438,58.3,
2025-01-19,BUY,EQT.ST,332.9248962402344,54.7,
2025-01-26,SELL,AAK.ST,306.6639709472656,,Not in top stocks
2025-01-26,SELL,TREL-B.ST,399.0244140625,,Not in top stocks
2025-01-26,SELL,BOUL.ST,9.15999984741211,,Not in top stocks
2025-01-26,SELL,BEIJ-B.ST,165.79632568359375,,Not in top stocks
2025-01-26,BUY,HMS.ST,459.6000061035156,77.9,
2025-01-26,BUY,HEXA-B.ST,119.62169647216797,67.0,
2025-01-26,BUY,VOLV-A.ST,275.6192932128906,66.5,
2025-01-26,BUY,SAND.ST,225.4091033935547,66.4,
2025-02-02,SELL,SKF-B.ST,216.20079040527344,,Not in top stocks
2025-02-02,SELL,ELUX-B.ST,101.0,,Not in top stocks
2025-02-02,SELL,ATCO-B.ST,162.17132568359375,,Not in top stocks
2025-02-02,SELL,SAND.ST,223.46591186523438,,Not in top stocks
2025-02-02,BUY,AAK.ST,316.4615478515625,74.7,
2025-02-02,BUY,BOOZT.ST,131.0,72.8,
2025-02-02,BUY,TREL-B.ST,409.3810729980469,72.6,
2025-02-02,BUY,ALIF-B.ST,150.89625549316406,70.6,
2025-02-09,SELL,ALFA.ST,452.20867919921875,,Not in top stocks
2025-02-09,SELL,AAK.ST,299.41375732421875,,Not in top stocks
2025-02-09,BUY,BOL.ST,378.70001220703125,67.2,
2025-02-09,BUY,ANOD-B.ST,115.71113586425781,63.3,
2025-02-16,SELL,ASSA-B.ST,323.8515319824219,,Not in top stocks
2025-02-16,SELL,WIHL.ST,104.53359985351562,,Not in top stocks
2025-02-16,SELL,ANOD-B.ST,112.75177001953125,,Not in top stocks
2025-02-16,BUY,SKF-B.ST,222.4521484375,88.7,
2025-02-16,BUY,SAND.ST,232.40455627441406,72.1,
2025-02-16,BUY,ELUX-B.ST,98.68000030517578,67.9,
2025-02-23,SELL,PEAB-B.ST,78.96292877197266,,Not in top stocks
2025-02-23,SELL,CIBUS.ST,163.90040588378906,,Not in top stocks
2025-02-23,SELL,ELUX-B.ST,95.58000183105469,,Not in top stocks
2025-02-23,BUY,SAAB-B.ST,295.6042785644531,94.4,
2025-02-23,BUY,SSAB-B.ST,61.357051849365234,76.8,
2025-02-23,BUY,SSAB-A.ST,61.76897048950195,75.6,
2025-03-02,SELL,ABB.ST,573.43408203125,,Not in top stocks
2025-03-02,SELL,EQT.ST,328.5870666503906,,Not in top stocks
2025-03-02,BUY,GETI-B.ST,207.66049194335938,71.0,
2025-03-02,BUY,PEAB-B.ST,78.0458755493164,68.4,
2025-03-09,SELL,ENEA.ST,89.4000015258789,,Not in top stocks
2025-03-09,SELL,BOOZT.ST,118.0,,Not in top stocks
2025-03-09,BUY,DUNI.ST,98.05488586425781,61.8,
2025-03-09,BUY,ESSITY-B.ST,292.0425720214844,55.1,
2025-03-16,SELL,ALIF-B.ST,148.9042205810547,,Not in top stocks
2025-03-16,BUY,BEIA-B.ST,197.5500030517578,63.5,
2025-03-23,SELL,DUNI.ST,95.19892120361328,,Not in top stocks
2025-03-23,SELL,ESSITY-B.ST,286.21337890625,,Not in top stocks
2025-03-23,BUY,EPI-B.ST,182.1364288330078,66.0,
2025-03-23,BUY,ALIF-B.ST,147.70901489257812,63.5,
2025-03-30,SELL,ERIC-B.ST,77.33430480957031,,Not in top stocks
2025-03-30,SELL,BILL.ST,101.21088409423828,,Not in top stocks
2025-03-30,SELL,HEXA-B.ST,108.93761444091797,,Not in top stocks
2025-03-30,SELL,TREL-B.ST,374.9891357421875,,Not in top stocks
2025-03-30,SELL,SKF-B.ST,199.08169555664062,,Not in top stocks
2025-03-30,SELL,PEAB-B.ST,75.29472351074219,,Not in top stocks
2025-03-30,SELL,EPI-B.ST,177.03897094726562,,Not in top stocks
2025-03-30,SELL,ALIF-B.ST,146.71299743652344,,Not in top stocks
2025-03-30,BUY,DUNI.ST,95.19892883300781,54.3,
2025-03-30,BUY,BOUL.ST,9.039999961853027,52.7,
2025-04-06,SELL,LAGR-B.ST,192.02737426757812,,Not in top stocks
2025-04-06,SELL,INVE-B.ST,269.47918701171875,,Not in top stocks
2025-04-06,SELL,SWEC-B.ST,167.06292724609375,,Not in top stocks
2025-04-06,SELL,SKA-B.ST,198.73233032226562,,Not in top stocks
2025-04-06,SELL,MYCR.ST,186.31973266601562,,Not in top stocks
2025-04-06,SELL,SWED-A.ST,203.0,,Not in top stocks
2025-04-06,SELL,SEB-A.ST,136.89999389648438,,Not in top stocks
2025-04-06,SELL,INDU-C.ST,318.91412353515625,,Not in top stocks
2025-04-06,SELL,INDU-A.ST,319.847900390625,,Not in top stocks
2025-04-06,SELL,VOLV-B.ST,245.10000610351562,,Not in top stocks
2025-04-06,SELL,NDA-SE.ST,116.44999694824219,,Not in top stocks
2025-04-06,SELL,HMS.ST,419.20001220703125,,Not in top stocks
2025-04-06,SELL,VOLV-A.ST,244.8000030517578,,Not in top stocks
2025-04-06,SELL,BOL.ST,286.29998779296875,,Not in top stocks
2025-04-06,SELL,SAND.ST,180.18153381347656,,Not in top stocks
2025-04-06,SELL,GETI-B.ST,189.62425231933594,,Not in top stocks
2025-04-06,SELL,BEIA-B.ST,173.13812255859375,,Not in top stocks
2025-04-06,SELL,DUNI.ST,92.53335571289062,,Not in top stocks
2025-04-06,SELL,BOUL.ST,8.300000190734863,,Not in top stocks
2025-04-13,SELL,LIFCO-B.ST,329.01507568359375,,Not in top stocks
2025-04-13,SELL,HANZA.ST,61.988521575927734,,Not in top stocks
2025-04-13,BUY,SWED-A.ST,211.0,69.4,
2025-04-20,BUY,HANZA.ST,71.89083862304688,97.5,
2025-04-20,BUY,LAGR-B.ST,200.8414306640625,92.5,
2025-04-20,BUY,SWEC-B.ST,171.3742218017578,89.1,
2025-04-20,BUY,ALIF-B.ST,153.38629150390625,87.3,
2025-04-20,BUY,LIFCO-B.ST,346.1015930175781,76.5,
2025-04-20,BUY,NDA-SE.ST,125.5,70.7,
2025-04-20,BUY,AXFO.ST,243.60174560546875,62.5,
2025-04-20,BUY,BOUL.ST,8.694999694824219,62.4,
2025-04-27,SELL,BOUL.ST,8.156999588012695,,Not in top stocks
2025-04-27,BUY,SEB-A.ST,149.6999969482422,83.6,
2025-04-27,BUY,BEIA-B.ST,191.17742919921875,81.2,
2025-04-27,BUY,HMS.ST,431.0,72.7,
2025-04-27,BUY,SKA-B.ST,215.89999389648438,70.3,
2025-04-27,BUY,COOR.ST,38.09895706176758,68.1,
2025-04-27,BUY,EPI-B.ST,179.09754943847656,64.8,
2025-05-04,BUY,ERIC-B.ST,79.45467376708984,60.9,
2025-05-04,BUY,DUNI.ST,93.00934600830078,54.6,
2025-05-04,BUY,CIBUS.ST,166.97857666015625,53.3,
2025-05-04,BUY,VOLV-B.ST,266.79998779296875,52.2,
2025-05-04,BUY,VOLV-A.ST,267.0,41.2,
2025-05-04,BUY,PEAB-B.ST,77.51494598388672,37.2,
2025-05-11,SELL,ERIC-B.ST,78.98347473144531,,Not in top stocks
2025-05-11,SELL,DUNI.ST,92.15255737304688,,Not in top stocks
2025-05-11,SELL,VOLV-A.ST,265.20001220703125,,Not in top stocks
2025-05-18,SELL,CIBUS.ST,171.26133728027344,,Not in top stocks
2025-05-18,BUY,AGTIRA-B.ST,2.4800000190734863,84.3,
2025-05-18,BUY,VOLV-A.ST,276.3999938964844,72.7,
2025-05-18,BUY,DUNI.ST,96.15091705322266,67.1,
2025-05-18,BUY,MYCR.ST,202.5,64.8,
2025-05-18,BUY,SAND.ST,215.89999389648438,59.3,
2025-05-18,BUY,BILL.ST,106.15036010742188,55.9,
2025-05-18,BUY,INDU-C.ST,359.0,52.4,
2025-05-18,BUY,INDU-A.ST,358.6000061035156,51.8,
2025-05-18,BUY,SKF-B.ST,206.39999389648438,46.2,
2025-05-18,BUY,KINV-B.ST,83.4800033569336,45.1,
2025-05-18,BUY,ERIC-B.ST,81.83026123046875,44.8,
2025-05-25,SELL,SWEC-B.ST,166.89999389648438,,Not in top stocks
2025-05-25,SELL,HMS.ST,423.20001220703125,,Not in top stocks
2025-05-25,SELL,VOLV-B.ST,265.0,,Not in top stocks
2025-05-25,SELL,VOLV-A.ST,265.3999938964844,,Not in top stocks
2025-05-25,SELL,MYCR.ST,189.39999389648438,,Not in top stocks
2025-05-25,SELL,SAND.ST,204.5,,Not in top stocks
2025-05-25,SELL,INDU-C.ST,345.3999938964844,,Not in top stocks
2025-05-25,SELL,INDU-A.ST,345.20001220703125,,Not in top stocks
2025-05-25,BUY,CIBUS.ST,170.88270568847656,75.2,
2025-06-01,SELL,ERIC-B.ST,79.9847640991211,,Not in top stocks
2025-06-01,BUY,HMS.ST,439.20001220703125,58.2,
2025-06-01,BUY,ANOD-B.ST,102.80000305175781,50.8,
2025-06-01,BUY,VOLV-B.ST,265.8999938964844,44.7,
2025-06-01,BUY,SAND.ST,209.39999389648438,44.5,
2025-06-01,BUY,SINCH.ST,25.459999084472656,42.5,
2025-06-01,BUY,CCC.ST,18.899999618530273,28.6,
2025-06-08,SELL,BILL.ST,103.30000305175781,,Not in top stocks
2025-06-08,SELL,VOLV-B.ST,263.1000061035156,,Not in top stocks
2025-06-08,BUY,ERIC-B.ST,81.33943176269531,41.5,
2025-06-15,SELL,KINV-B.ST,76.5,,Not in top stocks
2025-06-15,SELL,HMS.ST,392.79998779296875,,Not in top stocks
2025-06-15,SELL,ERIC-B.ST,78.23741912841797,,Not in top stocks
2025-06-15,BUY,EOLU-B.ST,51.615966796875,68.8,
2025-06-15,BUY,ARISE.ST,37.900001525878906,50.4,
2025-06-22,SELL,ARISE.ST,34.650001525878906,,Not in top stocks
2025-06-22,BUY,CORE-PREF.ST,236.83277893066406,30.4,
2025-06-29,SELL,PEAB-B.ST,76.7854232788086,,Not in top stocks
2025-06-29,SELL,DUNI.ST,91.3586196899414,,Not in top stocks
2025-06-29,SELL,CCC.ST,16.700000762939453,,Not in top stocks
2025-06-29,BUY,KINV-B.ST,83.94000244140625,69.0,
2025-06-29,BUY,MYCR.ST,203.0,62.5,
2025-06-29,BUY,VOLV-B.ST,269.1000061035156,56.9,
2025-06-29,BUY,VOLV-A.ST,269.20001220703125,56.5,
2025-06-29,BUY,WIHL.ST,102.30000305175781,51.9,
2025-06-29,BUY,EQT.ST,316.4286804199219,51.1,
2025-06-29,BUY,BOUL.ST,9.0,44.2,
2025-07-06,SELL,SKA-B.ST,220.5,,Not in top stocks
2025-07-06,SELL,CORE-PREF.ST,241.5884552001953,,Not in top stocks
2025-07-06,SELL,VOLV-B.ST,262.3999938964844,,Not in top stocks
2025-07-06,SELL,VOLV-A.ST,262.79998779296875,,Not in top stocks
2025-07-06,BUY,CATE.ST,481.93115234375,63.3,
2025-07-06,BUY,HMS.ST,434.6000061035156,53.3,
2025-07-06,BUY,FABG.ST,82.79271697998047,49.9,
2025-07-06,BUY,CAST.ST,121.06204223632812,49.5,
2025-07-13,SELL,WIHL.ST,97.5999984741211,,Not in top stocks
2025-07-13,SELL,CATE.ST,463.3115234375,,Not in top stocks
2025-07-13,SELL,HMS.ST,424.79998779296875,,Not in top stocks
2025-07-13,SELL,FABG.ST,78.8057861328125,,Not in top stocks
2025-07-13,SELL,CAST.ST,115.428955078125,,Not in top stocks
2025-07-13,BUY,INDU-C.ST,365.5,59.0,
2025-07-13,BUY,INDU-A.ST,365.6000061035156,58.7,
2025-07-13,BUY,TREL-B.ST,372.20001220703125,48.9,
2025-07-13,BUY,SKA-B.ST,225.3000030517578,48.0,
2025-07-13,BUY,CORE-PREF.ST,237.26580810546875,47.8,
2025-07-20,SELL,EPI-B.ST,175.02452087402344,,Not in top stocks
2025-07-20,SELL,BOUL.ST,6.739999771118164,,Not in top stocks
2025-07-20,SELL,TREL-B.ST,358.0,,Not in top stocks
2025-07-20,SELL,CORE-PREF.ST,227.65989685058594,,Not in top stocks
2025-07-20,BUY,ABB.ST,632.4000244140625,60.3,
2025-07-20,BUY,EVO.ST,840.0,55.2,
2025-07-20,BUY,DOM.ST,48.459999084472656,54.9,
2025-07-20,BUY,CCC.ST,19.0,52.5,
2025-07-27,SELL,IVSO.ST,331.0,,Not in top stocks
2025-07-27,SELL,LIFCO-B.ST,351.3999938964844,,Not in top stocks
2025-07-27,SELL,CCC.ST,18.100000381469727,,Not in top stocks
2025-07-27,BUY,VOLV-A.ST,287.6000061035156,64.4,
2025-07-27,BUY,HEXA-B.ST,112.80000305175781,61.5,
2025-07-27,BUY,BEIJ-B.ST,164.23611450195312,55.2,
2025-08-03,SELL,SSAB-B.ST,55.0,,Not in top stocks
2025-08-03,SELL,INDU-A.ST,357.3999938964844,,Not in top stocks
2025-08-03,BUY,CORE-PREF.ST,236.78550720214844,61.2,
2025-08-03,BUY,VOLV-B.ST,273.29998779296875,54.8,
2025-08-10,SELL,BETS-B.ST,160.23272705078125,,Not in top stocks
2025-08-10,SELL,INDU-C.ST,368.3999938964844,,Not in top stocks
2025-08-10,BUY,ASSA-B.ST,325.6725769042969,53.7,
2025-08-10,BUY,NIBE-B.ST,44.91999816894531,50.2,
2025-08-17,SELL,CIBUS.ST,168.67831420898438,,Not in top stocks
2025-08-17,SELL,EVO.ST,823.4000244140625,,Not in top stocks
2025-08-17,SELL,HEXA-B.ST,107.6500015258789,,Not in top stocks
2025-08-17,SELL,ASSA-B.ST,329.63934326171875,,Not in top stocks
2025-08-17,SELL,NIBE-B.ST,45.400001525878906,,Not in top stocks
2025-08-17,BUY,INDU-C.ST,374.79998779296875,68.7,
2025-08-17,BUY,INDU-A.ST,374.3999938964844,68.3,
2025-08-17,BUY,AZN.ST,1505.0,65.7,
2025-08-17,BUY,GETI-B.ST,205.10000610351562,63.0,
2025-08-17,BUY,SSAB-B.ST,55.70000076293945,62.5,
2025-08-24,SELL,SSAB-A.ST,56.81999969482422,,Not in top stocks
2025-08-24,SELL,CORE-PREF.ST,242.54904174804688,,Not in top stocks
2025-08-24,SELL,SSAB-B.ST,55.65999984741211,,Not in top stocks
2025-08-24,BUY,EVO.ST,860.0,76.2,
2025-08-24,BUY,NIBE-B.ST,46.060001373291016,74.2,
2025-08-24,BUY,BETS-B.ST,162.02859497070312,73.1,
2025-08-31,SELL,EOLU-B.ST,42.02191925048828,,Not in top stocks
2025-08-31,SELL,NIBE-B.ST,38.81999969482422,,Not in top stocks
2025-08-31,SELL,BETS-B.ST,159.83363342285156,,Not in top stocks
2025-08-31,BUY,ASSA-B.ST,331.32525634765625,76.2,
2025-08-31,BUY,CIBUS.ST,170.04396057128906,75.8,
2025-08-31,BUY,HMS.ST,460.20001220703125,68.4,
2025-09-07,SELL,EVO.ST,800.0,,Not in top stocks
2025-09-07,SELL,CIBUS.ST,167.15089416503906,,Not in top stocks
2025-09-07,BUY,CORE-PREF.ST,242.06875610351562,69.8,
2025-09-07,BUY,HEXA-B.ST,110.0999984741211,45.1,
2025-09-14,SELL,KINV-B.ST,83.08000183105469,,Not in top stocks
2025-09-14,SELL,VOLV-A.ST,273.3999938964844,,Not in top stocks
2025-09-14,SELL,BEIJ-B.ST,156.3229217529297,,Not in top stocks
2025-09-14,SELL,VOLV-B.ST,273.6000061035156,,Not in top stocks
2025-09-14,BUY,HM-B.ST,143.2651824951172,60.2,
2025-09-14,BUY,TREL-B.ST,374.70001220703125,55.4,
2025-09-14,BUY,BOL.ST,336.3999938964844,54.9,
2025-09-14,BUY,ALFA.ST,439.20001220703125,52.7,
2025-09-21,SELL,SECU-B.ST,138.96604919433594,,Not in top stocks
2025-09-21,SELL,AZN.ST,1439.5,,Not in top stocks
2025-09-21,SELL,ALFA.ST,430.5,,Not in top stocks
2025-09-21,BUY,KINV-B.ST,85.23999786376953,54.4,
2025-09-21,BUY,DUNI.ST,94.28678131103516,52.3,
2025-09-21,BUY,EVO.ST,824.2000122070312,51.8,
2025-09-28,SELL,LAGR-B.ST,203.1999969482422,,Not in top stocks
2025-09-28,SELL,HMS.ST,419.79998779296875,,Not in top stocks
2025-09-28,SELL,TREL-B.ST,351.5,,Not in top stocks
2025-09-28,BUY,VOLV-B.ST,276.0,43.1,
2025-09-28,BUY,VOLV-A.ST,276.0,42.9,
2025-10-05,SELL,ANOD-B.ST,102.5999984741211,,Not in top stocks
2025-10-05,SELL,DUNI.ST,91.84664916992188,,Not in top stocks
2025-10-05,SELL,EVO.ST,755.0,,Not in top stocks
2025-10-05,SELL,VOLV-B.ST,275.79998779296875,,Not in top stocks
2025-10-05,SELL,VOLV-A.ST,275.79998779296875,,Not in top stocks
2025-10-05,BUY,AZN.ST,1588.0,97.6,
2025-10-05,BUY,SSAB-B.ST,63.52000045776367,65.8,
2025-10-05,BUY,EPI-B.ST,186.01304626464844,64.8,
2025-10-05,BUY,ATCO-B.ST,148.45413208007812,57.3,
2025-10-05,BUY,ATCO-A.ST,168.4484405517578,57.2,
2025-10-05,BUY,INVE-B.ST,302.0018310546875,54.9,
2025-10-12,SELL,MYCR.ST,196.0,,Not in top stocks
2025-10-12,SELL,ATCO-B.ST,144.69329833984375,,Not in top stocks
2025-10-12,SELL,ATCO-A.ST,163.1472625732422,,Not in top stocks
2025-10-12,SELL,INVE-B.ST,302.1511535644531,,Not in top stocks
2025-10-12,BUY,ANOD-B.ST,107.4000015258789,73.8,
2025-10-12,BUY,ALFA.ST,448.3999938964844,67.1,
2025-10-12,BUY,SSAB-A.ST,62.380001068115234,64.7,
2025-10-12,BUY,HMS.ST,443.0,64.1,
2025-10-19,SELL,EQT.ST,311.95794677734375,,Not in top stocks
2025-10-19,SELL,KINV-B.ST,89.33999633789062,,Not in top stocks
2025-10-19,SELL,SSAB-B.ST,57.52000045776367,,Not in top stocks
2025-10-19,SELL,SSAB-A.ST,58.939998626708984,,Not in top stocks
2025-10-19,SELL,HMS.ST,440.0,,Not in top stocks
2025-10-19,BUY,INVE-B.ST,305.2866516113281,76.8,
2025-10-19,BUY,ERIC-B.ST,89.5199966430664,56.6,
2025-10-19,BUY,CATE.ST,458.3594970703125,56.4,
2025-10-19,BUY,ATCO-A.ST,162.85000610351562,54.6,
2025-10-19,BUY,ATCO-B.ST,144.0500030517578,53.7,
2025-10-26,SELL,SHB-A.ST,122.4000015258789,,Not in top stocks
2025-10-26,SELL,AXFO.ST,263.20001220703125,,Not in top stocks
2025-10-26,SELL,CATE.ST,471.432861328125,,Not in top stocks
2025-10-26,SELL,ATCO-A.ST,167.0,,Not in top stocks
2025-10-26,SELL,ATCO-B.ST,148.14999389648438,,Not in top stocks
2025-10-26,BUY,MYCR.ST,217.14999389648438,81.8,
2025-10-26,BUY,LAGR-B.ST,236.8000030517578,78.0,
2025-10-26,BUY,HMS.ST,509.5,74.8,
2025-10-26,BUY,LIFCO-B.ST,382.6000061035156,72.0,
2025-10-26,BUY,FABG.ST,87.07513427734375,70.0,
2025-11-02,SELL,AGTIRA-B.ST,2.3299999237060547,,Not in top stocks
2025-11-02,SELL,DOM.ST,46.70000076293945,,Not in top stocks
2025-11-02,SELL,CORE-PREF.ST,236.15089416503906,,Not in top stocks
2025-11-02,SELL,EPI-B.ST,178.0,,Not in top stocks
2025-11-02,SELL,LIFCO-B.ST,368.20001220703125,,Not in top stocks
2025-11-02,SELL,FABG.ST,83.1488037109375,,Not in top stocks
2025-11-02,BUY,DUNI.ST,103.46168518066406,79.1,
2025-11-02,BUY,EQT.ST,327.4565124511719,75.7,
2025-11-02,BUY,SHB-A.ST,124.69999694824219,70.6,
2025-11-02,BUY,CTM.ST,2.5350000858306885,69.6,
2025-11-02,BUY,TREL-B.ST,397.5,69.3,
2025-11-02,BUY,KINV-B.ST,89.81999969482422,69.1,
2025-11-09,SELL,ANOD-B.ST,101.80000305175781,,Not in top stocks
2025-11-09,SELL,MYCR.ST,207.9499969482422,,Not in top stocks
2025-11-09,SELL,LAGR-B.ST,217.60000610351562,,Not in top stocks
2025-11-09,SELL,CTM.ST,2.1700000762939453,,Not in top stocks
2025-11-09,SELL,KINV-B.ST,82.87999725341797,,Not in top stocks
2025-11-09,BUY,CORE-PREF.ST,235.6609649658203,67.4,
2025-11-09,BUY,CATE.ST,456.3999938964844,66.8,
2025-11-09,BUY,AXFO.ST,267.29998779296875,66.4,
2025-11-09,BUY,FABG.ST,83.5464096069336,62.5,
2025-11-09,BUY,BOOZT.ST,105.4000015258789,58.6,
2025-11-16,SELL,FABG.ST,81.26018524169922,,Not in top stocks
2025-11-16,BUY,SSAB-A.ST,63.099998474121094,74.4,
2025-11-23,SELL,DORO.ST,38.599998474121094,,Not in top stocks
2025-11-23,SELL,SINCH.ST,26.5,,Not in top stocks
2025-11-23,SELL,EQT.ST,311.95794677734375,,Not in top stocks
2025-11-23,SELL,CATE.ST,439.6000061035156,,Not in top stocks
2025-11-23,BUY,SSAB-B.ST,61.31999969482422,74.6,
2025-11-23,BUY,ATRLJ-B.ST,32.9900016784668,38.7,
2025-11-23,BUY,LUND-B.ST,499.79998779296875,36.0,
2025-11-30,SELL,SAAB-B.ST,475.6000061035156,,Not in top stocks
2025-11-30,SELL,ATRLJ-B.ST,33.48500061035156,,Not in top stocks
2025-11-30,SELL,LUND-B.ST,502.0,,Not in top stocks
2025-11-30,BUY,ARISE.ST,43.79999923706055,65.9,
2025-11-30,BUY,ATCO-B.ST,144.3000030517578,65.1,
2025-11-30,BUY,SINCH.ST,28.75,63.4,
2025-11-30,BUY,ATCO-A.ST,160.1999969482422,62.0,
2025-12-07,SELL,AXFO.ST,269.1000061035156,,Not in top stocks
2025-12-07,SELL,SINCH.ST,28.84000015258789,,Not in top stocks
2025-12-07,BUY,MYCR.ST,219.5500030517578,70.2,
2025-12-07,BUY,DORO.ST,40.04999923706055,65.4,
2025-12-14,SELL,ALIF-B.ST,176.3000030517578,,Not in top stocks
2025-12-14,SELL,HEXA-B.ST,108.5,,Not in top stocks
2025-12-14,SELL,HMS.ST,444.0,,Not in top stocks
2025-12-14,BUY,SAAB-B.ST,507.70001220703125,80.3,
2025-12-14,BUY,SINCH.ST,31.049999237060547,69.6,
2025-12-14,BUY,EPI-B.ST,187.89999389648438,65.9,
2025-12-21,SELL,NOTE.ST,177.89999389648438,,Not in top stocks
2025-12-21,SELL,EPI-B.ST,183.6999969482422,,Not in top stocks
2025-12-21,BUY,PEAB-B.ST,82.69999694824219,76.7,
2025-12-21,BUY,EQT.ST,351.79998779296875,70.5,
2026-01-04,SELL,CORE-PREF.ST,244.5,,Not in top stocks
2026-01-04,BUY,EPI-B.ST,185.89999389648438,73.4,
2026-01-11,SELL,TREL-B.ST,389.5,,Not in top stocks
2026-01-11,SELL,DORO.ST,40.04999923706055,,Not in top stocks
2026-01-11,SELL,SINCH.ST,31.43000030517578,,Not in top stocks
2026-01-11,BUY,VOLV-B.ST,309.29998779296875,78.5,
2026-01-11,BUY,VOLV-A.ST,309.0,78.4,
2026-01-11,BUY,ATRLJ-B.ST,34.95000076293945,72.4,
2026-01-18,SELL,COOR.ST,48.400001525878906,,Not in top stocks
2026-01-18,SELL,BOOZT.ST,101.0,,Not in top stocks
2026-01-18,BUY,CATE.ST,485.0,87.2,
2026-01-18,BUY,LUND-B.ST,535.0,83.1,
2026-01-25,SELL,GETI-B.ST,211.10000610351562,,Not in top stocks
2026-01-25,SELL,MYCR.ST,211.5500030517578,,Not in top stocks
2026-01-25,BUY,AXFO.ST,310.6000061035156,86.9,
2026-01-25,BUY,COOR.ST,52.04999923706055,83.5,
